Flags,Country,Gross Yearly (€),Gross Monthly (€),Net Yearly (€),Net Monthly (€)
🇱🇺,Luxembourg,"90,000","7,500","63,000","5,250"
🇩🇪,Germany,"80,000","6,670","48,000","4,000"
🇳🇱,Netherlands,"75,000","6,250","49,500","4,125"
🇮🇪,Ireland,"75,000","6,250","52,500","4,375"
🇩🇰,Denmark,"70,000","5,830","45,500","3,790"
🇧🇪,Belgium,"70,000","5,830","40,600","3,380"
🇦🇹,Austria,"68,000","5,670","44,880","3,740"
🇫🇷,France,"65,000","5,420","43,550","3,630"
🇸🇪,Sweden,"65,000","5,420","44,850","3,740"
🇫🇮,Finland,"62,000","5,170","42,780","3,565"
🇪🇸,Spain,"55,000","4,580","39,600","3,300"
🇨🇿,Czech Republic,"52,000","4,330","37,960","3,165"
🇮🇹,Italy,"50,000","4,170","33,000","2,750"
🇵🇱,Poland,"50,000","4,170","37,500","3,125"
🇵🇹,Portugal,"50,000","4,170","35,000","2,915"
🇨🇾,Cyprus,"50,000","4,170","41,000","3,420"
🇪🇪,Estonia,"48,000","4,000","36,000","3,000"
🇸🇮,Slovenia,"48,000","4,000","33,600","2,800"
🇲🇹,Malta,"48,000","4,000","37,440","3,120"
🇱🇹,Lithuania,"45,000","3,750","32,850","2,740"
🇭🇺,Hungary,"42,000","3,500","31,500","2,625"
🇷🇴,Romania,"42,000","3,500","31,500","2,625"
🇱🇻,Latvia,"42,000","3,500","30,240","2,520"
🇸🇰,Slovakia,"42,000","3,500","31,920","2,660"
🇬🇷,Greece,"40,000","3,330","30,000","2,500"
🇭🇷,Croatia,"40,000","3,330","28,800","2,400"
🇧🇬,Bulgaria,"35,000","2,920","27,300","2,275"